,name,pypi_id,github_id,conda_id,homepage,dependent_project_count,github_dependent_project_count,contributor_count,github_url,created_at,updated_at,projectrank,fork_count,open_issue_count,star_count,description,pypi_url,license,pypi_latest_release_published_at,latest_stable_release_published_at,latest_stable_release_number,release_count,pypi_dependent_project_count,pypi_monthly_downloads,monthly_downloads,conda_url,conda_latest_release_published_at,conda_total_downloads,show,category,projectrank_placing,trending
0,CadQuery,cadquery,CadQuery/cadquery,conda-forge/cadquery,https://cadquery.readthedocs.io/,700.0,569.0,118.0,https://github.com/CadQuery/cadquery,2018-10-28 17:57:18.000,2026-06-21 13:33:04.000,26,503.0,460.0,5335.0,A python parametric CAD scripting framework based on OCCT.,https://pypi.org/project/cadquery,Apache-2.0,2026-06-21 13:33:04.000,2026-06-21 13:33:04.000,2.8.0,35.0,131.0,687177.0,688786.0,https://anaconda.org/conda-forge/cadquery,2026-06-21 09:18:16.464,106241.0,True,others,1.0,
1,OSQP,osqp,osqp/osqp,conda-forge/osqp,https://osqp.org/,169.0,,36.0,https://github.com/osqp/osqp,2016-09-27 03:02:46.000,2026-06-13 15:04:55.356,26,408.0,124.0,2106.0,The Operator Splitting QP Solver.,https://pypi.org/project/osqp,Apache-2.0,2026-06-12 16:58:37.000,2026-06-09 18:18:17.000,1.1.2,48.0,169.0,5247913.0,5271606.0,https://anaconda.org/conda-forge/osqp,2026-06-13 15:04:55.356,1587497.0,True,solver,1.0,
2,casadi,casadi,casadi/casadi,conda-forge/casadi,http://web.casadi.org/,3559.0,3380.0,89.0,https://github.com/casadi/casadi,2012-10-31 13:50:50.000,2026-06-08 18:47:45.000,25,448.0,735.0,2225.0,CasADi is a symbolic framework for numeric optimization implementing automatic differentiation in forward and reverse..,https://pypi.org/project/casadi,LGPL-3.0,2025-09-10 07:51:06.000,2025-09-10 07:51:06.000,3.7.2,46.0,179.0,1460841.0,1488222.0,https://anaconda.org/conda-forge/casadi,2026-04-22 06:46:19.668,2053647.0,True,casadi-devs,1.0,2.0
3,PyBaMM,pybamm,pybamm-team/PyBaMM,conda-forge/pybamm,https://github.com/pybamm-team/PyBaMM,186.0,156.0,145.0,https://github.com/pybamm-team/PyBaMM,2018-10-31 10:26:29.000,2026-07-23 08:00:05.438,24,785.0,235.0,1617.0,Fast and flexible physics-based battery models in Python.,https://pypi.org/project/pybamm,BSD-3-Clause,2026-07-22 15:59:25.000,2026-05-27 15:41:51.000,26.5.0,88.0,30.0,84608.0,90293.0,https://anaconda.org/conda-forge/pybamm,2026-07-23 08:00:05.438,415012.0,True,others,1.0,
4,AeroSandbox,aerosandbox,peterdsharpe/AeroSandbox,,https://github.com/peterdsharpe/AeroSandbox,174.0,163.0,24.0,https://github.com/peterdsharpe/AeroSandbox,2019-05-15 17:16:26.000,2026-07-05 14:53:22.000,24,199.0,15.0,1248.0,"Aircraft design optimization made fast through computational graph transformations (e.g., automatic differentiation)...",https://pypi.org/project/aerosandbox,MIT,2026-07-05 14:53:22.000,2026-07-05 14:53:22.000,4.2.10,172.0,11.0,144200.0,144200.0,,,,True,robotics,1.0,
5,pinocchio,pinocchio,stack-of-tasks/pinocchio,conda-forge/pinocchio,https://stack-of-tasks.github.io/pinocchio/,4.0,,120.0,https://github.com/stack-of-tasks/pinocchio,2014-10-07 15:42:51.000,2026-07-15 12:24:40.093,21,332.0,44.0,1369.0,A fast and flexible implementation of Rigid Body Dynamics algorithms and their analytical derivatives.,https://pypi.org/project/pinocchio,MIT,2021-12-15 13:42:46.763,2021-05-18 10:27:19.000,0.4.3,60.0,4.0,36787.0,70251.0,https://anaconda.org/conda-forge/pinocchio,2026-07-15 12:24:40.093,2509841.0,True,robotics,1.0,-12.0
6,Ipopt,ipopt,coin-or/Ipopt,conda-forge/ipopt,https://coin-or.github.io/Ipopt/,10.0,,38.0,https://github.com/coin-or/Ipopt,2019-01-28 12:24:22.000,2026-05-25 15:59:08.000,20,319.0,15.0,1773.0,COIN-OR Interior Point Optimizer IPOPT.,https://pypi.org/project/ipopt,EPL-2.0,2021-04-07 07:03:48.000,2021-04-07 07:03:48.000,1.0.3,33.0,10.0,2340.0,41711.0,https://anaconda.org/conda-forge/ipopt,2026-02-17 01:36:21.548,2756039.0,True,solver,1.0,
7,ProxQP,proxsuite,Simple-Robotics/proxsuite,conda-forge/proxsuite,https://github.com/Simple-Robotics/proxsuite,24.0,,26.0,https://github.com/Simple-Robotics/proxsuite,2022-05-05 16:01:55.000,2026-05-11 17:45:40.519,20,74.0,17.0,562.0,The Advanced Proximal Optimization Toolbox.,https://pypi.org/project/proxsuite,BSD-2-Clause,2026-05-11 17:43:19.000,2026-05-11 17:43:19.000,0.7.3,45.0,24.0,94848.0,120747.0,https://anaconda.org/conda-forge/proxsuite,2026-05-11 17:45:40.519,1243197.0,True,solver,1.0,
8,HiGHS,,ERGO-Code/HiGHS,conda-forge/highspy,https://github.com/ERGO-Code/HiGHS,,,123.0,https://github.com/ERGO-Code/HiGHS,2018-03-27 13:57:58.000,2026-07-13 15:27:44.067,18,330.0,167.0,1689.0,Linear optimization software.,,MIT,,,,12.0,,,14178.0,https://anaconda.org/conda-forge/highspy,2026-07-13 15:27:44.067,340285.0,True,solver,2.0,-12.0
9,DAQP,daqp,darnstrom/daqp,conda-forge/daqp,https://github.com/darnstrom/daqp,177.0,143.0,14.0,https://github.com/darnstrom/daqp,2021-09-06 07:46:36.000,2026-05-23 14:40:07.652,18,19.0,9.0,106.0,A dual active-set algorithm for convex quadratic programming.,https://pypi.org/project/daqp,MIT,2026-05-19 17:21:32.000,2026-05-19 17:21:32.000,0.8.7,18.0,34.0,414571.0,419410.0,https://anaconda.org/conda-forge/daqp,2026-05-23 14:40:07.652,193566.0,True,solver,2.0,
10,do-mpc,do-mpc,do-mpc/do-mpc,conda-forge/do-mpc,www.do-mpc.com/,7.0,,34.0,https://github.com/do-mpc/do-mpc,2015-05-20 22:20:54.000,2025-10-31 13:21:03.709,17,181.0,83.0,998.0,Model predictive control python toolbox.,https://pypi.org/project/do-mpc,LGPL-3.0,2025-10-31 09:44:43.000,2025-10-31 08:53:59.000,5.1.0,27.0,7.0,14292.0,14672.0,https://anaconda.org/conda-forge/do-mpc,2025-10-31 13:21:03.709,15611.0,True,mpc,1.0,
11,Clarabel,,oxfordcontrol/Clarabel.rs,conda-forge/clarabel,https://clarabel.org/,92.0,92.0,11.0,https://github.com/oxfordcontrol/Clarabel.rs,2022-04-17 13:48:34.000,2025-12-17 09:55:56.799,17,41.0,23.0,521.0,Clarabel.rs: Interior-point solver for convex conic optimisation problems in Rust.,,Apache-2.0,,,,7.0,,,12932.0,https://anaconda.org/conda-forge/clarabel,2025-12-17 09:55:56.799,439714.0,True,solver,3.0,
12,Pymoca,pymoca,pymoca/pymoca,,https://github.com/pymoca/pymoca,30.0,23.0,14.0,https://github.com/pymoca/pymoca,2014-06-09 22:42:19.000,2026-07-30 16:38:01.000,17,27.0,56.0,92.0,A Modelica to computer algebra system translator written in python.,https://pypi.org/project/pymoca,BSD-3-Clause,2026-07-30 16:38:01.000,2026-03-12 18:09:44.000,0.11.2,64.0,7.0,5320.0,5320.0,,,,True,others,2.0,
13,mpc-reinforcement-learning,mpcrl,FilippoAiraldi/mpc-reinforcement-learning,,https://mpc-reinforcement-learning.readthedocs.io/,16.0,13.0,5.0,https://github.com/FilippoAiraldi/mpc-reinforcement-learning,2022-11-28 16:27:04.000,2025-10-17 07:16:50.000,15,58.0,,548.0,Reinforcement Learning with Model Predictive Control.,https://pypi.org/project/mpcrl,MIT,2025-10-17 07:16:13.000,2025-10-17 07:16:13.000,1.4.1,64.0,3.0,200.0,200.0,,,,True,machine-learning,1.0,
14,l4casadi,l4casadi,Tim-Salzmann/l4casadi,,https://github.com/Tim-Salzmann/l4casadi,11.0,11.0,4.0,https://github.com/Tim-Salzmann/l4casadi,2023-06-19 14:55:52.000,2024-10-13 10:14:04.000,15,23.0,2.0,353.0,Use PyTorch Models with CasADi for data-driven optimization or learning-based optimal control. Supports Acados.,https://pypi.org/project/l4casadi,MIT,2024-10-13 10:14:04.000,2024-10-13 10:14:04.000,2.0.0,7.0,,163.0,163.0,,,,True,machine-learning,1.0,
15,qpOASES,,coin-or/qpOASES,conda-forge/qpoases,https://github.com/coin-or/qpOASES,,,21.0,https://github.com/coin-or/qpOASES,2020-02-19 04:13:16.000,2025-04-22 14:58:14.536,13,142.0,81.0,480.0,Open-source C++ implementation of the recently proposed online active set strategy.,,LGPL-2.1,,,,2.0,,,1700.0,https://anaconda.org/conda-forge/qpoases,2025-04-22 14:58:14.536,88414.0,True,solver,3.0,
16,HILO-MPC,hilo-mpc,hilo-mpc/hilo-mpc,,https://github.com/hilo-mpc/hilo-mpc,3.0,3.0,9.0,https://github.com/hilo-mpc/hilo-mpc,2022-03-30 13:20:17.000,2026-04-03 17:02:53.000,13,36.0,21.0,200.0,"HILO-MPC is a Python toolbox for easy, flexible and fast development of machine-learning-supported optimal control and..",https://pypi.org/project/hilo-mpc,LGPL-3.0,2026-03-08 10:58:43.000,2026-03-08 10:58:43.000,2.1.1,5.0,,129.0,129.0,,,,True,mpc,1.0,
17,bioptim,,pyomeca/bioptim,conda-forge/bioptim,https://github.com/pyomeca/bioptim,,,42.0,https://github.com/pyomeca/bioptim,2020-03-31 13:46:21.000,2026-04-08 19:52:06.985,13,46.0,58.0,92.0,"An optimization framework that links CasADi, Ipopt, ACADOS and biorbd for Optimal Control Problem.",,MIT,,,,22.0,,,2988.0,https://anaconda.org/conda-forge/bioptim,2026-04-08 19:52:06.985,200240.0,True,robotics,2.0,
18,rockit,rockit-meco,meco-group/rockit,,https://gitlab.kuleuven.be/meco-software/rockit,20.0,18.0,18.0,https://github.com/meco-group/rockit,2019-08-22 10:02:13.000,2026-01-27 08:39:08.000,13,10.0,6.0,39.0,Rockit (Rapid Optimal Control kit) is a software framework to quickly prototype optimal control problems.,https://pypi.org/project/rockit-meco,LGPL-3.0,2026-01-27 08:39:08.000,2025-05-08 14:22:54.000,0.6.6,89.0,2.0,1507.0,1507.0,,,,True,casadi-devs,2.0,
19,casadi-nlp,csnlp,FilippoAiraldi/casadi-nlp,,https://github.com/FilippoAiraldi/casadi-nlp,28.0,23.0,4.0,https://github.com/FilippoAiraldi/casadi-nlp,2022-11-02 20:10:28.000,2025-10-16 20:25:33.000,13,2.0,,24.0,Nonlinear Progamming with CasADi.,https://pypi.org/project/csnlp,MIT,2025-10-16 20:24:41.000,2025-10-16 20:24:41.000,1.6.8,78.0,5.0,2632.0,2632.0,,,,False,mpc,1.0,
20,Deltares RTC-Tools,rtc-tools,rtc-tools/rtc-tools,,https://github.com/rtc-tools/rtc-tools,35.0,24.0,23.0,https://github.com/rtc-tools/rtc-tools,2026-03-18 10:25:48.597,2026-07-08 15:14:41.000,13,10.0,51.0,16.0,"RTC-Tools is an open-source Python framework for modeling, simulation, and optimization of dynamic systems. Its core..",https://pypi.org/project/rtc-tools,LGPL-3.0,2026-07-08 15:14:41.000,2026-01-20 14:20:04.000,2.7.3,89.0,11.0,2582.0,2582.0,,,,False,others,2.0,
21,SUNDIALS,,LLNL/sundials,,https://computing.llnl.gov/projects/sundials,,,50.0,https://github.com/LLNL/sundials,2017-10-05 17:20:03.000,2026-06-26 18:32:53.000,12,164.0,52.0,666.0,Official development repository for SUNDIALS - a SUite of Nonlinear and DIfferential/ALgebraic equation Solvers. Pull..,,BSD-3-Clause,,,,,,,,,,,True,solver,3.0,-14.0
22,SIPPY,sippy_unipi,CPCLAB-UNIPI/SIPPY,,https://github.com/CPCLAB-UNIPI/SIPPY,,,13.0,https://github.com/CPCLAB-UNIPI/SIPPY,2018-04-04 13:55:24.000,2025-09-02 09:31:24.000,12,96.0,19.0,305.0,Systems Identification Package for PYthon.,https://pypi.org/project/sippy_unipi,LGPL-3.0,2025-09-02 09:31:24.000,2025-09-02 09:31:24.000,1.0.1,2.0,,1067.0,1067.0,,,,True,others,2.0,
23,adam,adam-robotics,ami-iit/adam,conda-forge/adam-robotics-casadi,https://adam-docs.readthedocs.io/en/latest/,8.0,8.0,14.0,,2024-11-20 08:58:00.153,2026-06-04 13:11:49.981,12,26.0,,209.0,Automatic Differentiation for rigid-body-dynamics AlgorithMs.,https://pypi.org/project/adam-robotics,,2025-12-04 15:47:30.000,2025-12-04 15:47:30.000,0.5.0,20.0,,717.0,980.0,https://anaconda.org/conda-forge/adam-robotics-casadi,2026-06-04 13:11:49.981,5536.0,True,robotics,2.0,
24,(Geometric) Fabrics,fabrics,tud-amr/fabrics,,https://github.com/tud-amr/fabrics,18.0,16.0,7.0,https://github.com/tud-amr/fabrics,2021-06-30 09:32:19.000,2025-02-01 00:57:30.000,12,11.0,16.0,85.0,Optimization fabrics for behavior design.,https://pypi.org/project/fabrics,GPL-3.0,2025-02-01 00:57:23.000,2024-08-01 00:52:49.000,0.9.6,16.0,2.0,206.0,206.0,,,,True,others,2.0,
25,OpTaS,pyoptas,cmower/optas,,https://cmower.github.io/optas/,5.0,5.0,6.0,https://github.com/cmower/optas,2022-04-28 17:48:06.000,2023-08-04 09:53:01.000,12,10.0,9.0,58.0,OpTaS: An optimization-based task specification library for trajectory optimization and model predictive control.,https://pypi.org/project/pyoptas,Apache-2.0,2023-08-04 09:53:01.000,2023-08-04 09:53:01.000,1.0.7,7.0,,347.0,347.0,,,,False,mpc,2.0,
26,pydecomp,pydecomp,jonarriza96/pydecomp,,https://github.com/jonarriza96/pydecomp,7.0,5.0,1.0,https://github.com/jonarriza96/pydecomp,2024-07-16 22:36:01.283,2026-04-26 01:08:59.000,12,5.0,,33.0,A Python based implementation for fast convex decomposition of obstacle-free spaces.,https://pypi.org/project/pydecomp,MIT,2026-04-26 01:08:59.000,2026-04-26 01:08:59.000,2.0.0,5.0,2.0,383.0,383.0,,,,False,others,2.0,
27,pc-gym,pcgym,MaximilianB2/pc-gym,,https://maximilianb2.github.io/pc-gym/,5.0,5.0,7.0,https://github.com/MaximilianB2/pc-gym,2024-11-09 11:35:04.026,2024-12-03 13:42:07.000,12,4.0,,27.0,Reinforcement learning environments for process control applications.,https://pypi.org/project/pcgym,MIT,2024-12-03 13:42:07.000,2024-12-03 13:42:07.000,0.1.8,13.0,,284.0,284.0,,,,False,machine-learning,2.0,
28,omg-tools,omg-tools,meco-group/omg-tools,,https://github.com/meco-group/omg-tools,2.0,2.0,10.0,https://github.com/meco-group/omg-tools,2016-03-21 10:48:33.000,2021-04-01 17:42:23.000,11,94.0,27.0,542.0,Optimal Motion Generation-tools: motion planning made easy.,https://pypi.org/project/omg-tools,LGPL-3.0,2017-12-01 14:36:31.000,2017-12-01 14:36:31.000,0.1.3,4.0,,17.0,17.0,,,,False,robotics,2.0,
29,MPOPT,mpopt,mpopt/mpopt,,https://mpopt.readthedocs.io/,3.0,3.0,6.0,https://github.com/mpopt/mpopt,2020-06-18 18:10:34.000,2024-07-04 07:14:03.000,11,20.0,5.0,63.0,A pseudo-spectral collocation based multi-phase Optimal control problem solver.,https://pypi.org/project/mpopt,LGPL-3.0,2024-07-04 07:14:03.000,2024-07-04 07:14:03.000,1.0.2,19.0,,493.0,493.0,,,,False,mpc,2.0,
30,OpenAP,openap-top,junzis/openap-top,,https://openap.dev,,,5.0,,,2026-03-18 16:45:43.000,11,11.0,,46.0,Trajectory OPtimizer based on OpenAP model.,https://pypi.org/project/openap-top,GPL-3.0,2026-03-18 16:45:43.000,2026-03-18 16:45:43.000,1.11.0,13.0,,227.0,227.0,,,,False,robotics,2.0,
31,openap-top,openap-top,junzis/openap-top,,https://openap.dev,,,5.0,,,2026-03-18 16:45:43.000,11,11.0,,46.0,Trajectory OPtimizer based on OpenAP model.,https://pypi.org/project/openap-top,GPL-3.0,2026-03-18 16:45:43.000,2026-03-18 16:45:43.000,1.11.0,13.0,,227.0,227.0,,,,False,others,3.0,
32,Fatrop,,meco-group/fatrop,conda-forge/libfatrop,https://meco-group.github.io/fatrop/,,,5.0,https://github.com/meco-group/fatrop,2023-07-19 12:05:33.000,2025-04-22 14:59:10.489,11,5.0,2.0,33.0,"Fatrop is a nonlinear optimal control problem solver that aims to be fast, support a broad class of optimal control..",,LGPL-3.0,,,,2.0,,,12397.0,https://anaconda.org/conda-forge/libfatrop,2025-04-22 14:59:10.489,297541.0,False,solver,3.0,
33,safe-control-gym,,utiasDSL/safe-control-gym,,https://www.dynsyslab.org/safe-robot-learning/,,,20.0,https://github.com/utiasDSL/safe-control-gym,2021-08-04 22:14:15.000,2025-11-06 19:47:30.000,10,160.0,6.0,861.0,PyBullet CartPole and Quadrotor environmentswith CasADi symbolic a priori dynamicsfor learning-based control and RL.,,MIT,,,,,,,,,,,True,machine-learning,3.0,
34,jaxadi,jaxadi,based-robotics/jaxadi,,https://github.com/based-robotics/jaxadi,1.0,1.0,3.0,https://github.com/based-robotics/jaxadi,2024-09-06 06:57:09.086,2025-02-08 08:02:39.000,10,3.0,2.0,127.0,Transforms your CasADi functions into batchable JAX-compatible functions. By combining the power of CasADi with the..,https://pypi.org/project/jaxadi,MIT,2025-02-08 08:02:39.000,2025-02-08 08:02:39.000,0.4.0,4.0,,98.0,98.0,,,,True,machine-learning,3.0,
35,acados,,acados/acados,,https://docs.acados.org/,,,108.0,https://github.com/acados/acados,2016-04-05 10:06:48.000,2024-12-18 10:02:22.000,9,258.0,46.0,871.0,Fast and embedded solvers for nonlinear optimal control.,,,,,,,,,,,,,True,mpc,3.0,-12.0
36,car-racing,,HybridRobotics/car-racing,,https://github.com/HybridRobotics/car-racing,,,3.0,https://github.com/HybridRobotics/car-racing,2021-02-04 23:32:58.000,2024-04-19 23:15:30.000,9,37.0,2.0,186.0,A toolkit for testing control and planning algorithm for car racing.,,MIT,,,,,,,,,,,False,others,3.0,
37,urdf2casadi,,mahaarbo/urdf2casadi,,https://github.com/mahaarbo/urdf2casadi,9.0,9.0,10.0,https://github.com/mahaarbo/urdf2casadi,2018-02-20 14:36:43.000,2024-08-16 06:17:27.000,9,32.0,8.0,96.0,Python library for getting a casadi function for the forward kinematics of a URDF chain.,,MIT,,,,,,,,,,,True,robotics,3.0,
38,CAMINO,caminopy,minlp-toolbox/CAMINO,,https://github.com/minlp-toolbox/CAMINO,1.0,1.0,5.0,https://github.com/minlp-toolbox/CAMINO,2024-10-08 15:49:31.052,2026-03-20 13:53:42.000,9,1.0,8.0,34.0,Python-CasADi-based package containing several algorithms for solving mixed-integer nonlinear programs (MINLPs).,https://pypi.org/project/caminopy,GPL-3.0,2026-03-20 13:47:39.000,2026-03-20 13:47:39.000,0.1.5,6.0,,49.0,49.0,,,,False,others,3.0,
39,matADi,matadi,adtzlr/matadi,,https://github.com/adtzlr/matadi,5.0,3.0,2.0,https://github.com/adtzlr/matadi,2021-09-20 18:53:28.000,2025-08-28 19:30:43.000,9,2.0,2.0,26.0,Material Definition with Automatic Differentiation.,https://pypi.org/project/matadi,GPL-3.0,2025-08-28 19:30:43.000,2025-08-28 19:30:43.000,0.4.0,56.0,2.0,709.0,709.0,,,,False,others,3.0,
40,casadi-neural-nets,csnn,FilippoAiraldi/casadi-neural-nets,,https://github.com/FilippoAiraldi/casadi-neural-nets,2.0,2.0,1.0,https://github.com/FilippoAiraldi/casadi-neural-nets,2022-12-29 09:31:16.000,2025-03-28 20:43:36.000,9,1.0,,10.0,Neural Networks with CasADi.,https://pypi.org/project/csnn,MIT,2025-03-28 20:43:36.000,2025-02-17 11:56:31.000,1.0.6,19.0,,72.0,72.0,,,,False,machine-learning,3.0,
41,spatial-casadi,spatial-casadi,cmower/spatial-casadi,,https://github.com/cmower/spatial-casadi,14.0,14.0,1.0,https://github.com/cmower/spatial-casadi,2023-03-12 21:26:21.000,2023-05-03 20:29:01.205,9,1.0,,6.0,Spatial transformation library for CasADi Python.,https://pypi.org/project/spatial-casadi,LGPL-3.0,2023-05-03 20:29:01.205,2023-05-03 20:29:01.205,1.1.0,6.0,,70.0,70.0,,,,False,others,3.0,
42,Impact,impact-meco,meco-group/impact,,https://meco-software.pages.gitlab.kuleuven.be/impact/,3.0,3.0,6.0,https://github.com/meco-group/impact,2024-04-27 12:15:47.242,2026-01-29 13:38:47.000,9,1.0,,4.0,"Impact: A Toolchain for Nonlinear Model Predictive Control Specification, Prototyping, and Deployment.",https://pypi.org/project/impact-meco,LGPL-3.0,2026-01-29 13:38:47.000,2025-12-11 14:05:55.000,0.6.0,23.0,,164.0,164.0,,,,True,casadi-devs,3.0,
43,liecasadi,liecasadi,ami-iit/liecasadi,conda-forge/liecasadi,https://pypi.org/project/liecasadi/,12.0,12.0,4.0,,2023-07-07 17:59:59.696,2025-04-22 14:58:43.547,9,,,,"Rigid transform using Lie groups, written in CasADi!.",https://pypi.org/project/liecasadi,,2025-03-11 15:55:57.000,2024-01-16 12:02:29.000,0.0.6,6.0,,980.0,1201.0,https://anaconda.org/conda-forge/liecasadi,2025-04-22 14:58:43.547,8197.0,True,others,3.0,
44,HPIPM,,giaf/hpipm,,https://github.com/giaf/hpipm,,,28.0,https://github.com/giaf/hpipm,2017-05-12 08:20:10.000,2024-05-16 08:08:44.000,8,120.0,37.0,492.0,High-performance interior-point-method QP and QCQP solvers.,,,,,,,,,,,,,False,solver,3.0,
45,MadNLP,,MadNLP/MadNLP.jl,,https://madnlp.github.io/,,,20.0,https://github.com/MadNLP/MadNLP.jl,2020-09-16 23:07:35.000,2025-03-10 10:26:23.000,8,16.0,35.0,182.0,A solver for nonlinear programming with GPU support.,,MIT,,,,,,,,,,,True,solver,3.0,
46,Bonmin,,coin-or/Bonmin,,https://coin-or.github.io/Bonmin/,,,11.0,https://github.com/coin-or/Bonmin,2014-12-28 02:03:19.000,2024-09-29 13:20:04.000,7,23.0,20.0,138.0,Basic Open-source Nonlinear Mixed INteger programming.,,EPL-1.0,,,,,,,,,,,True,solver,3.0,
47,rbdl-orb,,ORB-HD/rbdl-orb,,https://github.com/ORB-HD/rbdl-orb,,,25.0,https://github.com/ORB-HD/rbdl-orb,2019-03-26 10:51:42.000,2022-04-20 14:55:38.000,7,48.0,15.0,100.0,RBDL - Rigid Body Dynamics Library - ORB Version - The two main differences to the original rbdl is that this version..,,,,,,,,,,,,,False,robotics,3.0,
48,UKF-SNMPC,,Eric-Bradford/UKF-SNMPC,,https://github.com/Eric-Bradford/UKF-SNMPC,,,1.0,https://github.com/Eric-Bradford/UKF-SNMPC,2024-04-21 05:07:43.574,2023-01-29 10:32:24.000,7,22.0,,56.0,This repository contains the source code for Unscented Kalman filter stochastic nonlinear model predictive control..,,MIT,,,,,,,,,,,False,article,1.0,1.0
49,CasADi.jl,,ichatzinikolaidis/CasADi.jl,,https://github.com/ichatzinikolaidis/CasADi.jl,,,4.0,https://github.com/ichatzinikolaidis/CasADi.jl,2019-04-11 14:04:16.000,2020-12-01 01:48:18.000,7,7.0,1.0,24.0,Julia interface to CasADi via PyCall.,,MIT,,,,,,,,,,,True,casadi-devs,3.0,
50,nMPyC,nmpyc,nMPyC/nmpyc,,https://nmpyc.readthedocs.io/,2.0,2.0,3.0,https://github.com/nMPyC/nmpyc,2024-10-15 05:51:16.231,2024-10-09 15:35:44.000,7,4.0,,14.0,MPC package for solving optimal control problems.,https://pypi.org/project/nmpyc,LGPL-3.0,2024-10-09 15:00:01.000,2023-02-10 10:01:00.920,1.0.3,5.0,,10.0,10.0,,,,False,mpc,3.0,
51,casiopeia,,adbuerger/casiopeia,,https://github.com/adbuerger/casiopeia,6.0,6.0,1.0,https://github.com/adbuerger/casiopeia,2016-01-04 08:39:35.000,2020-03-11 15:35:29.000,6,6.0,11.0,36.0,Casadi Interface for Optimum experimental design and Parameter Estimation and Identification Applications.,,LGPL-3.0,,,,,,,,,,,False,others,3.0,
52,mpc-DL-controller,,ell-hol/mpc-DL-controller,,https://github.com/ell-hol/mpc-DL-controller,,,3.0,https://github.com/ell-hol/mpc-DL-controller,2018-08-15 10:46:01.000,2019-05-01 13:00:52.000,6,29.0,,31.0,Deep Neural Network architecture as a predictive optimal controller for {HVAC+Solar cell + battery} disturbance..,,,,,,,,,,,,,False,article,3.0,1.0
53,SDD-GP-MPC,,Eric-Bradford/SDD-GP-MPC,,https://github.com/Eric-Bradford/SDD-GP-MPC,,,1.0,https://github.com/Eric-Bradford/SDD-GP-MPC,2024-04-21 05:07:42.711,2023-04-09 09:18:23.000,6,6.0,,29.0,This repository contains the source code for Stochastic data-driven model predictive control using Gaussian processes..,,MIT,,,,,,,,,,,False,article,3.0,1.0
54,3dpredictsim,,antoinefalisse/3dpredictsim,,https://github.com/antoinefalisse/3dpredictsim,,,2.0,https://github.com/antoinefalisse/3dpredictsim,2019-07-20 05:14:08.000,2021-04-14 21:40:06.000,6,18.0,,28.0,Generate 3D muscle-driven predictive simulations of human movement using direct collocation and algorithmic..,,MIT,,,,,,,,,,,False,robotics,3.0,
55,TROPIC,,fevrem/TROPIC,,https://github.com/fevrem/TROPIC,,,2.0,https://github.com/fevrem/TROPIC,2020-02-18 15:49:01.000,2021-01-19 13:23:29.000,6,5.0,,24.0,TROPIC: TRajectory OPtimization In CasADi.,,BSD-3-Clause,,,,,,,,,,,False,robotics,3.0,
56,diff_uv,,edxmorgan/diff_uv,,https://github.com/edxmorgan/diff_uv,,,3.0,https://github.com/edxmorgan/diff_uv,2024-10-16 16:20:35.105,2024-09-24 16:38:47.000,6,4.0,,8.0,A differentiable underwater vehicle dynamics in body and ned(euler & quaternion).,,MIT,,,,,,,,,,,False,robotics,3.0,1.0
57,mopeds,mopeds,,,https://git.tu-berlin.de/dbta/optimization/mopeds,,,,,,2026-06-27 10:25:32.000,6,,,,"Simulate and Optimize (Parameter Estimation, Optimal Experimental Design) NLE, ODE and DAE.",https://pypi.org/project/mopeds,,2026-06-27 10:25:32.000,2026-06-21 14:55:17.000,0.11.0,8.0,,77.0,77.0,,,,True,others,3.0,
58,CasADi_MPC_MHE_Python,,tomcattiger1230/CasADi_MPC_MHE_Python,,https://github.com/tomcattiger1230/CasADi_MPC_MHE_Python,,,1.0,https://github.com/tomcattiger1230/CasADi_MPC_MHE_Python,2020-05-29 15:54:32.000,2023-06-01 06:59:47.000,5,33.0,,132.0,This repository is an implementation of the work from Mohamed W. Mehrez. I convert the original code in MATLAB to the..,,,,,,,,,,,,,False,mpc,3.0,
59,biped_trajectory_optimization,,IvLabs/biped_trajectory_optimization,,https://github.com/IvLabs/biped_trajectory_optimization,,,3.0,https://github.com/IvLabs/biped_trajectory_optimization,2020-05-11 08:01:04.000,2021-11-04 09:48:17.000,5,11.0,,82.0,Implementing trajectory optimization on bipedal system.,,,,,,,,,,,,,False,robotics,3.0,
60,horizon,,ADVRHumanoids/horizon,,https://advrhumanoids.github.io/horizon/,,,6.0,https://github.com/ADVRHumanoids/horizon,2021-12-13 17:33:20.000,2023-02-14 10:55:06.000,5,6.0,7.0,29.0,"an intuitive optimization tool tailored to robotics, based on CasADi.",,,,,,,,,,,,,False,robotics,3.0,
61,nlgreyfast,,meco-group/nlgreyfast,,https://github.com/meco-group/nlgreyfast,,,1.0,https://github.com/meco-group/nlgreyfast,2024-04-27 12:15:28.792,2023-09-24 16:54:10.000,5,3.0,3.0,22.0,Toolbox for system identification of nonlinear state space grey-box models using CasADi.,,AGPL-3.0,,,,,,,,,,,False,others,3.0,
62,quadrotor_mpc,,duynamrcv/quadrotor_mpc,,https://github.com/duynamrcv/quadrotor_mpc,,,1.0,https://github.com/duynamrcv/quadrotor_mpc,2021-12-17 09:38:07.000,2022-01-04 15:31:23.000,4,4.0,,21.0,The implement for the Quadrotor trajectory tracking using MPC with CasADi library.,,,,,,,,,,,,,False,robotics,3.0,
63,OOQP,,emgertz/OOQP,,http://www.cs.wisc.edu/~swright/ooqp,,,3.0,https://github.com/emgertz/OOQP,2012-06-18 00:33:52.000,2016-10-09 23:18:07.000,4,7.0,,15.0,"Source repository for OOQP, a quadratic programming solver (and more).",,,,,,,,,,,,,False,solver,3.0,
64,pympc_panoc_ipopt,,mizuhoaoki/pympc_panoc_ipopt,,https://alphaville.github.io/optimization-engine/,,,1.0,https://github.com/mizuhoaoki/pympc_panoc_ipopt,2022-05-14 19:22:29.000,2022-06-28 11:29:02.000,4,,,3.0,"MPC pathtracking implementation with python, solved by PANOC/IPOPT.",,MIT,,,,,,,,,,,False,others,3.0,
65,paresto,,rawlings-group/paresto,,https://github.com/rawlings-group/paresto,,,6.0,https://github.com/rawlings-group/paresto,2018-04-20 04:27:51.000,2024-10-26 20:28:40.000,2,1.0,4.0,2.0,A parameter estimation tool for MATLAB/Octave based on CasADi.,,,,,,,,,,,,,False,others,3.0,
66,MPCTools,,,,https://bitbucket.org/rawlings-group/mpc-tools-casadi,,,,,,,2,,,,MPCTools: Nonlinear Model Predictive Control Tools for CasADi (Python Interface).,,GNU General Public License v3.0,,,,,,,,,,,True,mpc,3.0,
67,TuneMPC,,jdeschut/tunempc/,,https://github.com/jdeschut/tunempc/,,,,,,,1,,,,TuneMPC is a Python package for economic tuning of nonlinear model predictive control (NMPC) problems.,,,,,,,,,,,,,False,mpc,3.0,
68,nosnoc,,nosnoc/nosnoc,,https://nosnoc.readthedocs.io/,,,3.0,,,,1,,,,nosnoc is an open-source MATLAB software package for NOnSmooth Numerical Optimal Control. The Python package nosnoc_py..,,,,,,,,,,,,,False,mpc,3.0,
69,leap-c,,leap-c/leap-c,,https://leap-c.github.io/leap-c/,,,10.0,,,,1,,,,Learning Predictive Control: A framework for integrating optimal control solvers into deep learning pipelines.,,,,,,,,,,,,,False,machine-learning,3.0,-14.0
70,differentiable_nmpc,,freyjo/differentiable_nmpc,,https://github.com/freyjo/differentiable_nmpc,,,2.0,,,,0,,,,Differentiable Nonlinear Model Predictive Control.,,,,,,,,,,,,,True,article,,
71,CaΣoS,,iFR-ACSO/casos,,https://github.com/iFR-ACSO/casos,,,4.0,,,,0,,,,,,,,,,,,,,,,,True,others,,
